2.203211067152433422e+00	-1.878553578077194253e+00
3.000785271462246495e+00	6.456240481200652415e-01
3.228832335995555969e+00	1.508822101332262688e+00
1.377650842172821299e+00	6.171713891887227632e+00
3.308517614055644263e+00	-2.151482675335208761e+00
1.660044851482638917e+00	-5.069796314738269638e-01
1.516916674070222903e+00	3.482961055509417925e+00
2.686554592001239694e+00	-1.382664611587193004e+00
3.885385080646570621e+00	-1.166081894554042986e+00
5.836995628734184649e+00	-2.605732698340136988e+00
4.072476852650210866e+00	-3.579137708677710528e+00
3.446547857801431913e+00	-2.309235785071978242e+00
1.027908447911997536e+00	4.514244450062993685e+00
1.640991266242230573e+00	5.547844180963660499e+00
4.198974808275925952e+00	-3.403826515178699719e+00
2.591939823341490534e+00	5.918714073147851806e+00
2.523695343301722183e+00	-1.664420260266127327e+00
2.130916358315854353e+00	-9.394976319875332216e-01
2.427138158250831790e+00	4.904432822267088099e+00
2.046883167598127606e+00	-3.649356405528400238e+00
3.657692393514232698e+00	1.054969123869041514e+00
3.454223605399038277e+00	3.343067556166147147e-01
5.615288760185428885e+00	-9.703246805174274847e-01
3.384017155549047029e+00	3.328939657204716074e+00
5.190683849885600942e+00	-1.573851054965934138e+00
1.751999287058195964e+00	5.340900973627187298e+00
8.833937863798340118e-01	5.222566481747588085e+00
5.055401206151965532e+00	1.017736120653090603e+00
4.592043230302146561e+00	-1.000282667237856860e+00
5.603201199402694233e-01	4.403665967253251878e+00
3.907992126796220766e+00	-3.389657569890402122e+00
4.145461142480025174e+00	-2.008278219356948391e+00
3.253635803390133141e+00	-2.182328865764560977e+00
3.031928648498372070e+00	-1.170377377074664160e+00
3.641787580187462847e+00	-2.419241183692689479e+00
1.775254965991016842e+00	5.493960456316133723e+00
2.260422055614062842e+00	4.331522265078878497e+00
4.285239518288399552e+00	-6.050250046729515052e-01
2.628050254883696368e+00	-1.256093791612862720e+00
2.165777601718331447e+00	4.942709813751762660e+00
4.489809981387233861e+00	-3.429007944285245024e-01
1.278160826300518860e+00	2.686298616904841730e+00
5.412472695842549975e+00	-8.638389530955583595e-01
5.011887806546945434e+00	-3.194441636930999140e-01
2.888508007955502332e+00	-2.042526069999465399e+00
3.592413582895363611e+00	-2.045511739321316469e+00
4.723141236183200142e+00	-3.534142954543678439e+00
5.122368179820648848e+00	-2.766287929230788034e+00
1.100722555856899820e+00	4.911139629478306290e+00
1.134008395661353585e+00	3.202043741305860447e+00
3.930447003172158116e+00	-2.741296834811303818e+00
2.953506253096700007e+00	-1.465731467729225246e+00
4.998585735080325776e+00	-2.832243594513093932e+00
4.639262252867727199e+00	-1.537969175353020912e+00
3.307581136352237827e+00	-1.905330310377989278e+00
5.369330101586346160e+00	-1.844774102916362013e+00
3.689028987714549679e+00	-2.452244969847124700e+00
2.472262187544500112e+00	5.473456527980551378e+00
5.782098701976495114e+00	1.965678622203515857e+00
3.907401968915682033e+00	-1.044727057257507141e+00
5.437924587151688804e+00	-2.610509356156513583e+00
3.945499646771054802e+00	-2.018079717621137803e+00
2.650145995094599805e+00	-1.925041280302219215e+00
6.092518757162723730e-01	5.110079929328986026e+00
5.180058256622027457e+00	-9.785282898916090044e-01
3.678182052403619728e+00	-2.926940129502222376e+00
2.211049496517288659e+00	-1.425076802221627137e+00
4.276414871689830477e+00	-3.128556854120935427e+00
1.269908014891649728e+00	5.754266720628159248e+00
2.644354796020503606e+00	6.123981574270281669e+00
1.413689020755574344e+00	5.050684492116541691e+00
3.078465599483013015e+00	-1.121355276103632281e+00
1.417986672807691750e+00	-1.564496365088205998e+00
2.742813654222235886e+00	3.384328732631812109e+00
3.947411387083242129e+00	-1.877080982991662150e+00
3.301310381007894534e+00	-2.085348340645998721e+00
1.921265971299255249e+00	2.431385555280891619e+00
4.475585661597837550e+00	-2.035456233892713573e+00
1.189550350457844630e+00	5.553808764982304247e+00
2.293022504049992083e+00	5.142787796024504310e+00
2.033507055634050875e+00	-2.219548637655045731e+00
6.347239067104604171e-01	4.809262423329028202e+00
3.809520347808126317e+00	-1.913476464170208446e+00
3.217113170471991523e+00	5.373453046500888064e+00
4.240733087084699093e+00	-2.637972432815254287e+00
1.080984903289873067e+00	4.476171736460610617e+00
5.201678324788228558e+00	-2.680349295778844620e+00
2.002298490901589290e+00	-1.254596475715072046e+00
3.767120261131150283e+00	-1.743267475826789648e+00
2.044867105762063542e+00	5.132311134889505411e+00
1.338750882483974003e+00	4.570931167704232578e+00
3.772253316354607033e+00	-4.436629479007669907e-02
1.054899801518510705e+00	5.298558098606017452e+00
4.427084519318209566e+00	-3.209836194269574783e+00
4.986838931480816584e+00	-2.836303451645030282e+00
5.225110550168270862e+00	-1.463456384548666112e+00
3.825349870699982002e+00	-2.006433235327316211e+00
4.862703857685576558e+00	-1.914520442179207249e+00
7.234918824425966566e-01	3.751539639063254938e+00
1.258018566692636675e+00	-1.868251388296179094e+00
3.239395155135997406e+00	4.011394904390363614e+00
2.712211717722475157e+00	-7.905532713891030294e-01
1.430063917697239173e+00	6.271162597485671952e+00
4.354242000069636909e+00	-3.053097886763334490e+00
2.545103865666603848e+00	5.915264513182465933e+00
2.697435851278356278e+00	-1.966463809135888141e+00
1.913192676248222091e+00	5.981304472156377727e+00
3.724950815669992199e+00	-1.417252401280288510e+00
3.554474346757662495e+00	-2.305879807697219341e+00
3.451696941677812713e+00	-1.267138690715482907e+00
3.679904854352717525e+00	-1.490092698104009461e+00
4.954522130744273944e+00	-2.514050681151252409e+00
2.935362333954852687e+00	-2.016512174276970271e+00
4.213732197306513605e+00	-1.412700255220248113e+00
1.681276744763849251e+00	4.490232024441172420e+00
4.153049730737173206e+00	-2.671468191041479923e+00
5.386388845065024356e+00	-1.204569603623575347e+00
5.075353215456280154e+00	-3.395161263328354551e+00
1.760584762007907145e+00	-3.447460214628793373e+00
3.294922625745151823e+00	-2.034484226645052019e+00
2.703031261155941056e+00	-1.206010948285902717e+00
4.507167463738777968e+00	3.893606457099108464e+00
2.570084343480349975e+00	4.291599893479701500e+00
5.984358420416167945e+00	-5.648108442337915758e-01
3.016903119498283381e+00	4.525063493620185007e-01
3.952298237489011434e+00	-3.464001658162501940e+00
4.036185280702412115e+00	-1.578708773545044242e+00
3.053739845025229549e+00	-1.233872190102350608e+00
3.648666472001983685e+00	4.413267997753292704e+00
3.268555086965066359e+00	-1.369843398922126365e+00
4.530291344330753311e+00	-1.593697630492109552e+00
3.252702439032622017e+00	-2.302255228963708156e+00
2.468557303304971029e+00	-2.721122216158601947e+00
2.163205652861960981e+00	3.873413522790733143e+00
1.634305949971777583e+00	2.866518139194167869e+00
2.391154476461151646e+00	4.263811093122082951e+00
2.980800431160280262e+00	4.347651125436478026e+00
3.574828516977842874e+00	2.052262230216868044e-01
7.759507497905993034e-03	3.951760483454737738e+00
2.674760472864747829e+00	-2.863043968849737109e+00
3.700140570125061146e+00	-3.380953015966317476e+00
2.432578976461004849e+00	-3.145313814322103774e+00
3.564573160010515718e+00	-1.140503984436496365e+00
3.214969695008589312e+00	-1.995371849377636231e-02
3.682920263845247177e+00	-3.012041415507945352e+00
3.577025999548257840e+00	-2.192967277655862635e+00
2.236975872656925546e+00	6.443864161823517733e+00
4.982046591529980972e+00	-1.766695436461056756e+00
5.016528193471029518e+00	-5.792912425113427854e-01
4.948713174092092437e+00	2.430395316775123549e-01
5.393090505770540055e+00	-1.501734963290688674e+00
3.366683067064312418e+00	-3.241295387328426703e+00
3.229546795693600814e-01	4.471509759116673699e+00
3.479081385000347915e+00	-1.036515472532364424e+00
1.830219594828265572e+00	4.699457084161056564e+00
2.389909633985096704e+00	3.966055665584985235e+00
3.437512678657904441e+00	-2.608257743048142174e+00
3.826232694092956521e+00	4.719196120054522936e+00
6.375202185685988621e-01	3.670297853963774060e+00
1.507976716015444696e+00	4.892510162135333296e+00
3.841183188635608925e+00	1.231355267938432752e+00
2.213675931925612517e+00	3.121604996266686971e+00
2.923653115316615203e+00	4.445218298378661004e+00
2.996738126473065922e+00	-4.415345598133849636e-01
5.096881761904456631e+00	-1.064921723605063431e+00
2.652855439363963619e+00	-2.575142033796391949e+00
7.866492088380989678e-01	5.256649194541312298e+00
3.051293815943582732e+00	4.019647306426710642e+00
2.918441225289952090e+00	-3.349171059486967028e+00
2.739917615239460869e+00	5.525737591104661561e+00
2.565087610716988209e+00	-2.259772105013244214e+00
3.911166276590442248e+00	-1.030998201354284438e+00
2.887501938843897165e+00	-2.737835432996742480e+00
1.561622373549520937e+00	-3.112843265773144630e+00
1.939550496043349836e+00	5.971931351236131391e+00
2.738672618665025205e+00	-2.496059079668580871e+00
3.232104776863527817e+00	-2.601391492065128652e+00
4.453723699501375144e+00	-2.912257268220343587e+00
1.316466806745152374e+00	5.747827611335821985e+00
4.164160981973785702e+00	-2.964236168428577400e+00
4.249062225773980295e+00	-2.153320468428663315e+00
3.974051686644746173e+00	-2.907131746791262739e+00
1.663754928118930110e+00	4.390324605681752423e+00
3.846806430140439659e+00	-2.129811800696528756e+00
3.325647973633143462e+00	-9.295034843983767114e-01
1.915745695427156781e+00	2.833073139814864305e+00
2.312233844689557838e+00	3.426931183792357505e+00
4.617779447893068934e+00	-9.180829955598981407e-01
3.893227438005413710e+00	-1.282897577538292921e+00
5.256258015754691648e+00	-1.343510089947994590e+00
1.009598448467367238e+00	5.450934576892796812e+00
4.256039147778576393e+00	-1.537962801502563481e+00
3.281377426976810341e+00	-1.327616144914608443e+00
2.501795246177999310e+00	5.294734084530443141e+00
4.911300368543603412e+00	-3.143881473335122578e+00
4.778019691884132669e+00	-1.357176537633121072e+00
4.540339072386280428e+00	-1.562275641847208352e-01
3.231879879974790093e+00	-1.562977249415989478e+00
4.775777130461445807e+00	-2.762669553986289550e+00
4.823964407625063622e+00	-3.604689872363729730e+00
2.247364610636663151e+00	-1.057762091052966369e+00
3.888030726755153488e+00	4.073415716319285451e+00
2.610943520017565245e+00	5.696497497927778930e+00
1.587111571155125578e+00	4.391445051094951424e+00
3.914468549982283108e+00	-2.206299080422168046e+00
1.978023152179357425e+00	5.122470682133563713e+00
1.959069133420483055e+00	4.447740099473670661e+00
1.993119265727040679e+00	4.473017699192711305e+00
3.160343582912085392e+00	-8.468503668506918158e-01
1.263096131595019322e+00	4.055246625633116331e+00
4.644105418185482392e+00	-4.837828506182333399e-01
3.635089004988907746e+00	-2.369953834323124564e+00
-6.617163542605664084e-02	5.266647545587484380e+00
3.113157338465435853e+00	2.349009803667394536e-01
3.159770115812459590e+00	6.087921136847708858e+00
1.365843390647069278e+00	3.390713778708105863e+00
2.946139752616335095e+00	-2.703751152976409777e+00
4.024439458926146962e+00	-1.968752883627243655e+00
1.056431799670076721e+00	5.389261394703352970e+00
3.400794730125186405e+00	-2.342009743460589988e+00
3.735126375885689409e+00	-1.715149902829806283e+00
2.154571992896852528e+00	5.073309539058127093e+00
2.930182253302456630e+00	-3.057328997910406354e+00
2.972818136503302178e+00	-1.693241864851276590e+00
2.981274552405471123e+00	-2.514170052807245703e+00
2.679264184286753725e+00	-1.587787895325890819e+00
3.759379703756579261e+00	2.449246330107067049e+00
3.012443575433281673e+00	-2.675336691107452758e+00
4.023557570757364310e+00	5.095067158993730194e-01
2.701325199415965272e+00	-1.776006838324781345e+00
2.259790993563027151e+00	-3.205851310299993706e+00
1.367507207111389622e+00	-2.625793197204575158e+00
7.705584311011199894e-01	3.044199818176124950e+00
2.362626574542628699e+00	5.244239009636814330e+00
4.312093257638350607e+00	-2.783665995824339268e-01
2.895452845166638589e+00	-1.150050662191129724e+00
2.060455912227638464e+00	-1.886763381294098041e+00
3.300655043345299688e+00	5.548884174860145180e+00
3.796906987270229461e+00	-2.528556477222922538e+00
4.678348668103619268e+00	-3.658891535780717241e-02
1.064723293308347696e+00	3.758048759045005127e+00
2.412494622341456285e+00	3.875235226075294026e+00
3.979735591292888675e+00	-5.320710786716205121e-01
1.553314992549649887e+00	-1.446770557323717732e+00
3.440340945264775296e+00	-1.584363383554941329e+00
5.391388270580428355e+00	-1.177686799608131940e-01
2.126282856808269006e+00	-1.614127870064079984e+00
4.804727574480333274e+00	-2.607639688702864778e+00
4.314907211504659390e-01	4.553985288218148852e+00
3.886892698893338771e+00	-3.522202006248346340e+00
2.746334614119587236e+00	4.479083278452223205e+00
2.115754860079356092e+00	8.163591215409560231e-01
4.090023189180429064e+00	-1.829933172825590315e+00
3.311045723842735988e+00	2.029753896774906252e-01
3.349587205989726257e+00	5.100724618108432473e+00
3.328424473118168692e+00	2.830180041165413662e+00
3.716281645340534290e+00	4.241127986422946528e+00
4.746157061975982749e+00	-1.891726770412311520e+00
2.324495033894727669e+00	4.965940646936974900e+00
4.142880074708513938e+00	1.449602130955697898e+00
5.385463516839649856e+00	-1.447442369583327615e+00
3.348574521812039517e+00	4.284546214653598639e+00
4.331331965873658874e+00	-1.558157877774739131e+00
2.805206046043991375e+00	4.441999108049565770e+00
1.666633713216025825e-01	2.662118718255681138e+00
1.586687002062730389e+00	3.287309217721521293e-01
2.350594830571294036e+00	6.342872979557108160e+00
5.735256253517300173e+00	-1.448095647139747033e+00
2.804116863562453155e+00	8.373350047840655286e-01
3.135213055743354182e+00	-1.080155274173203228e+00
4.002127183924176990e+00	-1.200549056758237754e+00
1.193611890924339614e+00	5.556835217515848413e+00
2.388296710986242299e+00	3.503619953439527812e+00
1.155689999583236816e+00	2.609400338920935702e+00
2.569060580466372645e+00	-1.934073289010460162e+00
8.863992035347942888e-01	4.165168509971675093e+00
8.824697342369116626e-01	3.576062363836586488e+00
3.896977999084731081e+00	-4.051386358353825656e-01
3.205745509137268190e+00	-5.129631668924119481e-01
2.117114032730576412e+00	4.153719819078170339e+00
2.590012579078873056e+00	-1.725169347681662302e+00
3.435817926896007179e+00	5.678559700737070948e+00
3.465270755863954832e+00	1.464076904794638256e+00
2.854955160958416727e+00	4.509220930615643219e+00
2.909985038828806658e+00	-2.838765411830422636e+00
1.771051285341866954e+00	5.115390219820768358e+00
1.267792538961630244e+00	5.651515014598757602e+00
3.039505470125912101e+00	-2.980145269770686944e+00
4.270912406253410953e-01	4.520102410288084016e+00
1.633413886579420327e+00	4.657130670987560173e+00
5.862018330082156226e+00	-4.752815506373768706e-01
1.713461398202201558e+00	4.383046978627571200e+00
1.219752659538261064e+00	4.502606999629722218e+00
3.255818651230037553e+00	-2.237163900693418306e+00
2.840647705292299818e+00	-2.583415582973446867e+00
3.061651584359690315e+00	-9.671382461093469551e-01
3.767787363334616835e+00	8.741064076233830971e-01
4.427445917590298485e+00	-1.160500672311153281e+00
2.129514635102073505e+00	-6.259202547112379111e-01
8.119008492115342701e-01	4.764704350269337141e+00
1.854084645155939404e+00	4.036170425867468659e+00
3.534890049998995920e+00	-2.153981663397243729e+00
6.412348430461214388e-01	4.399609822824685601e+00
4.071650215692250718e+00	-3.298745062439323306e+00
5.501830216217056702e+00	-2.302337030467468626e+00
1.835351967122475170e+00	-2.318845208657585033e+00
1.668839060234489136e+00	6.739209605251057056e+00
3.612783080075028685e+00	-1.743941106541468500e+00
2.963938891939090325e+00	-4.628648366425340832e-01
1.455337614332758100e+00	4.829909477203010226e+00
2.515645743479580698e+00	2.108019939030775447e+00
1.535452096186780135e+00	3.271293821339305907e+00
3.468916155631733833e+00	2.133641615548123927e+00
3.847611022897563071e+00	-1.548559684568663997e+00
3.131961593910929764e+00	4.802788728942565477e+00
1.516879491187179907e+00	2.721009972003890276e+00
2.905932395305784954e+00	5.236438672233922453e+00
3.738324038657093507e+00	-2.851614234238207146e+00
1.599861990958530100e+00	3.879946078781539409e+00
2.699687560031962086e+00	5.279631866692843012e+00
2.943318539851465410e+00	-2.137352399699232297e+00
3.930012136783013421e+00	-1.522565439012438349e+00
4.406877844156563029e+00	-1.313599438360558480e+00
3.317028697547339533e+00	-8.055949826445223394e-01
3.476389647654684278e+00	1.539655231441644068e+00
2.034721156687287369e+00	2.981551776068790183e+00
2.360877417249980681e+00	-8.587213104962305721e-01
3.629540237567976835e+00	-2.916923037143982711e+00
5.295569324078546636e+00	-2.024704127451527835e+00
2.170495655463274609e+00	3.947359996739205901e+00
3.970277799545093522e+00	-5.908211685401421054e-02
4.482799066811367084e+00	3.631545484790161815e-01
4.074453238518229714e-01	4.227832043696564845e+00
1.017467211051048093e+00	4.825428280663333069e+00
1.452292201110871206e+00	3.240740994180554502e+00
1.552068515704902563e+00	4.478895198808695355e+00
-7.370090944836020785e-01	2.518911827665006875e+00
1.721738112136248722e+00	1.950177866862676801e-01
3.642514921790283910e+00	1.115236971523897225e+00
3.815526782728169586e+00	-4.715122751785816302e-01
5.776037578558972374e-01	3.047633338098392652e+00
4.091322448782909404e+00	-3.673395477750279969e+00
4.523086718375870063e+00	-1.256738105202908073e+00
5.195717477799020934e+00	-2.585277109557628794e+00
3.829018171416582739e-01	3.537508893801543319e+00
4.229338713882881962e+00	1.897358618068473168e-01
4.584343047379826785e+00	-3.521858393307037538e+00
5.372466698712556443e+00	-3.875101281753667859e-02
3.334206523923426424e+00	-2.868663247189856769e+00
4.240987544122228670e+00	5.027863374389728968e+00
2.813536349566239103e+00	-2.843604116458437137e+00
3.664090843926955277e+00	-2.195129918218514664e+00
1.964851643023573624e+00	3.146173122865794092e+00
3.682664762522066759e+00	-1.635493190983083878e+00
5.451201945471659371e+00	-3.428003519515046005e-01
2.045865120759698730e+00	4.304717985280428927e+00
4.261998286560817917e+00	1.668133246989705443e+00
1.806735045822257302e+00	3.327177367308706391e+00
3.431145198393747986e-01	3.028521230619888982e+00
9.359922720069180357e-01	5.219420507129678199e+00
3.848103453713562327e+00	1.893002197312901203e+00
1.163118073445203793e+00	5.215506656442228106e+00
4.405334172450325880e+00	-1.453206116298894512e+00
1.501351067058125821e+00	4.522339067780530186e+00
4.657231029806284894e+00	-3.674770722262484135e+00
2.066282189940184644e+00	3.964557587741408540e+00
-3.510731774239992387e-01	5.494243220880612455e+00
4.399819949493261717e+00	-1.896466878931737154e+00
2.751297582705803713e+00	-2.051097040053489806e+00
3.685049561390026263e+00	-1.469837908530261306e+00
2.519137108275046888e+00	5.458040798110274316e+00
3.991817638431374604e+00	-2.004687905092638278e+00
4.948744016324509332e+00	-1.213847221054076719e+00
2.018681279955151897e+00	4.213619423895201166e+00
4.367033112202462597e+00	-2.405136087026128688e+00
3.375316897715843645e+00	1.328959964506368774e+00
2.547298415276835648e+00	4.731191214818694313e+00
3.701025778529862365e+00	-2.871167338651212209e+00
2.587270617623270930e+00	5.672647055237853841e+00
2.471899827461955024e+00	4.616565630347762017e+00
4.958803700571956519e+00	-1.558559408593324092e+00
4.573542227125959592e+00	4.226901491536451339e+00
1.361609613647556394e+00	4.578658926557273467e+00
6.865830817760527616e-01	2.606144017972485294e+00
4.071891792554868772e+00	-3.520110186113270423e+00
3.844794744543321929e+00	3.753027022797263967e+00
2.158501728595383362e+00	3.735290180900214807e+00
5.034509921113739850e+00	-2.595758363383654288e+00
1.437095924501013755e+00	4.132956630463151093e+00
1.944401289573623348e+00	3.500409018720477494e+00
2.284492374115071556e+00	-1.634399034283691154e+00
5.481927083933758382e+00	-1.547231124901200072e+00
2.268656511230722650e+00	4.781547883033909763e+00
4.119734794510273801e+00	6.351829662776276031e-01
3.210268429653545752e+00	-1.015378650931401783e+00
3.687288553232612731e-01	6.108878725075117089e+00
1.738921975655019159e+00	3.525014936489248463e+00
2.039394862501517469e+00	5.700025588783725006e+00
3.461515674736683756e-01	5.728309023508223241e+00
4.005689454304408592e+00	-3.206987294625626816e+00
2.538311522730788639e+00	4.547720222904946041e+00
3.680417626389420604e+00	-1.864751308113725248e+00
3.375207407027186690e+00	-3.109939587723062893e+00
1.788316021957203183e+00	-2.475202227395081778e+00
1.963418155267081078e+00	-2.644191797565378366e+00
2.956538606540138225e+00	8.316564260236114503e-01
2.620802200336447285e+00	-1.662523749833275222e+00
3.770631547570052700e+00	-1.838355895058511047e+00
4.634210027722319047e+00	-2.738961852900188010e+00
2.224494554726841766e+00	3.810010405319114390e+00
-1.310245887335128590e-01	6.178961620216165684e+00
6.492155669007276586e+00	3.798541213156729768e-01
3.226467242297681892e+00	-1.436695283201723239e+00
5.393704129439066186e+00	4.140191283533323774e-01
-3.604697496239930299e-01	4.593185198883671383e+00
4.316702087405955623e+00	-3.261914535082234057e+00
2.804931914913724178e+00	3.334773275478359889e+00
4.408034910579333499e+00	-7.745538275285768215e-01
5.322200160720622186e+00	-2.726951410138169773e+00
2.766377641926505593e+00	-3.018445764867005998e+00
5.262421334481912627e-01	2.615185444929712943e+00
1.603652127825256901e+00	-9.988873979051783314e-01
2.325300506125534294e+00	5.465364024785552388e+00
3.505614621972588107e+00	-1.244197560978047346e+00
4.161561544696358972e+00	-4.895163000787094987e-01
4.169536754258129641e+00	1.980439629618032882e+00
4.282299623616249384e+00	-1.996116384797927301e+00
4.004848218363279422e+00	-1.725100115653965593e+00
4.454042137222875120e+00	-3.308931013725985970e+00
5.962909026409255908e+00	-2.819452713842639735e+00
3.402659819235281269e+00	4.913380622329388991e+00
5.794471553272620312e+00	-1.834258028043969091e-01
2.152014397012902869e+00	1.248806831546460883e+00
5.968004979693316336e+00	-2.558600403557085734e+00
1.114932960586320299e+00	3.805953570274224429e+00
3.487650497525698334e-01	4.148965029627948553e+00
1.102563087688521293e+00	3.922591523132931801e+00
1.980330857290885094e+00	3.545482565924298335e+00
1.753598951667157957e+00	5.606975444318647028e+00
4.297170338387854116e+00	-2.299735021625003206e+00
3.746522008693241368e+00	-1.126190990327425645e+00
1.459271245177355958e+00	4.661440814425599655e+00
2.621153759417595985e+00	-3.555245752662330005e+00
4.935669468581588504e+00	-1.935709701833921770e+00
3.359834973756515630e+00	-3.007418665382552980e+00
6.198023806085714682e+00	-1.677912544159986030e+00
2.398074290245423068e+00	3.683594700714333037e+00
3.493529481290263750e+00	-1.612850906285346664e+00
3.997893966062282090e+00	-1.933155630254360879e+00
3.011654998764916602e+00	-1.698200504845965630e+00
2.002207159416322657e+00	6.034747234473401001e+00
3.567354440590863263e+00	-2.046600796494145724e-01
3.255462299803533188e+00	-1.634785510238210060e+00
1.291309640471115294e+00	4.252484202810493663e+00
1.704629615451352276e+00	2.968847461088885975e+00
2.611423054837148428e+00	5.504722222367652407e+00
2.166281748196808632e+00	4.519350660824630772e+00
4.585501009013801976e+00	-2.028923774499932886e+00
2.903544745231789292e+00	-3.802319598857054395e+00
5.277708253632251711e+00	-3.591348986936201193e+00
2.412705555368770405e+00	5.002221746189452922e+00
4.289441026078645969e+00	-9.429139789278917494e-01
1.867892033109630257e+00	4.067963807076798055e+00
1.286469582273059409e+00	4.174783432379117976e+00
3.047168253634256807e+00	-2.292039058546802011e+00
3.691692477821542973e+00	-3.179824826573299124e+00
2.654379623773554631e+00	5.039893600192867140e+00
2.712265786317704652e+00	4.944551690290484913e+00
2.684034138178994056e+00	-2.891499993231573917e+00
2.702192109431403644e+00	-2.689629980343870130e+00
3.617776023372174965e+00	-2.676465426375899348e+00
3.150429006854364555e+00	-9.543797970927758723e-01
4.424736733171958925e+00	-1.248615200042525686e+00
1.933119487742376741e+00	4.525505934847788403e+00
2.672656559010092803e+00	4.623419294121585033e+00
3.216941856963853485e+00	-2.330810341092527604e+00
2.717664138808226770e+00	4.260347247843731644e+00
1.691046045608049164e+00	5.993250661074975838e+00
4.973347664538023238e+00	-9.761250943912452849e-01
5.565138585706812080e+00	-1.461555014308320688e+00
4.955448956382250358e+00	1.865408301897156118e+00
3.994794761226744040e+00	-2.354102719767640295e+00
5.815509045811397826e-01	4.441802014347326022e+00
4.701559747858599536e+00	-3.465570795953186956e+00
3.815485396840996302e+00	1.574281799433257856e+00
1.413151157404363367e+00	-1.999636544512016778e+00
3.385465130173724191e+00	-2.429213989978149080e+00
1.520641258898609571e+00	5.086150711702171812e+00
4.316831014224922214e+00	-2.147828912487169450e+00
6.262079983025903296e+00	-2.495260878302997032e+00
3.481839908993154875e+00	-1.721426980089304948e+00
1.029850484357293761e+00	4.559759682439450401e+00
4.242707508989789211e+00	5.517701175519396983e+00
1.618258428910991586e+00	-1.235664562280988310e+00
3.274696867511675435e+00	-1.111823162729504322e+00
1.655715754920198401e+00	6.027712269436612758e+00
2.525285411667351099e+00	5.076636252914944691e+00
4.287620615127105239e+00	-1.025661682356630466e+00
4.296390600655733749e+00	1.508767404162344672e+00
2.915274422202341675e+00	2.227599703837042089e+00
2.501137002895129413e+00	4.007886082800877325e+00
4.482493800226335701e+00	-2.098175795398621535e+00
2.212980978550211919e+00	6.703430102155696346e+00
4.834255955170972285e+00	3.209443475567003379e+00
2.357099866871955829e+00	3.635736211901406278e+00
4.117188670077900348e+00	-2.317543086902991600e+00
1.778023851251319121e+00	4.298941066706737146e+00
6.679992966923053999e-02	5.459438088038954362e+00
3.552093835521923371e+00	-1.360550831771719205e+00
4.276078266302547171e+00	-2.396667324592875126e+00
3.227640585149814001e+00	-2.666461689624485487e+00
4.923252576299130823e+00	-3.771825540825271883e+00
2.249389816323124514e+00	-2.644709480366409515e+00
6.762284645546724704e+00	-3.195086600510156583e+00
2.030512259061386438e+00	4.673726412073242464e+00
4.333472406292732337e+00	-2.659373123797296845e+00
4.754779862584700645e+00	-3.043234534914065037e+00
3.061111597490220326e+00	-2.233164044303425744e+00
3.232116610036808169e+00	5.083586500514323703e+00
3.658148869723323315e+00	3.513699135612581514e+00
3.727980469994173873e+00	5.579152028077967174e+00
2.977096302485068069e+00	-4.540300060118466874e+00
2.305226781030189187e+00	5.738919798340102574e+00
6.730063374149120037e+00	-1.200007237203407851e+00
4.318559566262051064e+00	-1.154048960740830410e+00
2.639651307807960645e+00	3.843711166012347746e+00
6.554694114814705319e-01	5.112049241511280151e+00
3.453345839803561024e-01	4.580220539472136920e+00
9.967676740610134090e-01	5.556869460317534148e+00
4.689295017408613653e+00	-1.962356944463483410e+00
3.232644370696464708e+00	-1.580990874457742112e+00
4.236706172926671954e+00	-1.988888276798635335e+00
2.731492843008927807e+00	-2.387805331434412537e+00
2.173845348148595313e+00	3.128335903677380792e+00
2.388575827210982716e+00	-2.477470704736355778e+00
4.648110531748730345e+00	-2.582214713229645575e+00
3.339887637144203225e+00	9.182919921018737330e-01
3.154479918007668360e+00	1.177446420607912492e+00
3.579560605103661253e+00	-2.124085442105330568e+00
3.535785794003373450e+00	6.861558861175447444e-01
9.741972326352636991e-01	4.120652759626603157e+00
3.753672507053290364e+00	-8.512520258637972237e-01
4.192912447532341602e+00	-4.071294361913967208e+00
3.269798380234997914e+00	-1.517311885877547173e+00
2.200959519253728125e+00	5.523818725140210439e+00
5.086580431221701559e+00	-1.911333823113472441e-01
3.112741096340426061e+00	-2.504714920234385023e+00
-2.379329497675353178e-01	4.135678405851627382e+00
2.424962816543213329e+00	2.990994617867488437e+00
2.137761121754202076e+00	5.610386554663190140e+00
4.004317825895494565e+00	-1.449761832061975619e+00
3.691236758843877031e+00	-1.895650269013139155e+00
1.747678362562028465e-01	5.553168555094673664e+00
1.620893375935266834e+00	6.118385638640265078e+00
8.806282017594679878e-01	4.216907112933735213e+00
5.096671190047162625e+00	-3.134699065696032072e+00
6.970857182834478749e+00	-4.708693794045701875e-01
2.420305263720394784e+00	-1.085498169581122330e+00
4.706741569906666811e+00	-6.096350818277374017e-01
1.288472719252747201e+00	4.277824894918470733e+00
3.483250591626740000e+00	-2.081398822872328580e+00
4.322701690311331113e+00	6.713802408719317105e-01
5.460483034196693453e+00	-1.420096128768634225e+00
3.262616024892883715e+00	4.508849373100836999e+00
3.685173483357374380e+00	-1.680355282523206428e+00
3.435754790202560915e+00	-3.030252087160743457e+00
3.654179594043915458e+00	1.152978342935385481e+00
1.851767664550896919e+00	2.515304008080182285e+00
1.514118046903073500e+00	2.849160915860784904e+00
5.145381139587900776e+00	-8.347911870590472017e-01
2.275354470082366909e+00	-3.393041747254914586e+00
4.189597887904760398e+00	-2.040407430058054139e+00
4.600760922342236547e+00	-2.828563917341733180e+00
3.622450798578917386e+00	-3.258845806032420356e+00
7.700648836545262998e-01	4.879075259977275536e+00
5.399652983720930166e+00	-1.625705767501104404e+00
3.096424219807111022e+00	5.940182405646447172e+00
4.053340649833236498e+00	-2.972651653810421735e+00
2.073059240716378149e+00	3.403288371801943324e+00
2.290901681700824977e+00	5.422120392845209302e+00
3.997754588158364264e+00	-1.277706066088665882e+00
1.967097370725088279e+00	-4.334144106121594398e+00
1.095522667969991204e+00	2.852938306537299962e+00
3.442862082995401973e+00	4.424201930034171726e-01
3.576533849085078209e+00	-2.151537771904804774e+00
1.816734894850148052e+00	5.947087596221419581e+00
1.474025585899401580e+00	5.403485966518050354e+00
3.074898667181158007e+00	4.088815196320328305e+00
4.328901400760672757e+00	-3.083676758859438927e+00
5.196468323945030221e+00	-1.788512469297744989e+00
4.153623753074366931e+00	-4.754376979391032876e-01
3.541605140133003538e+00	5.027193940123982685e+00
3.064974293608176747e+00	6.557480801954694627e+00
4.331085242460860130e+00	-1.957557878364031279e+00
3.405829418750656146e+00	-3.413753579460392373e+00
3.706536259345653228e+00	2.840709198556016002e+00
2.463817548398113733e+00	1.505860664023407347e+00
4.533287874810263851e+00	-1.837109691323454363e+00
3.332890072726556241e+00	-2.229102449809722053e+00
4.148099213025697729e+00	-3.683263351077715519e+00
1.590294387835963885e+00	-3.664192267395164126e+00
2.603194701406406519e+00	4.720855768271593256e+00
3.213822733075373694e+00	-3.035990138452754117e+00
8.931447314777729574e-01	4.129183953729326007e+00
2.297147986558448096e+00	4.375953325133007610e+00
3.167046905585601202e+00	-8.031521284363571933e-01
4.129052496654545656e+00	-9.740764672487806086e-01
9.646771707208823265e-02	2.410112924973417226e+00
4.785176748093958210e+00	-1.368809806112425420e+00
3.024523360531074623e+00	-4.235309124040957940e+00
4.834346436883328657e+00	-1.729786578620198245e-01
4.200875025778428196e+00	1.241503738819662361e+00
2.522715143852800157e+00	4.533144588452752366e+00
3.427677465722207550e+00	-2.109866561578452870e+00
4.144045701385136837e+00	-2.056456029365997029e+00
3.030278722218936682e+00	-1.340813916081623258e+00
3.603408462478177032e+00	-1.635332143427257190e-01
4.396443910444261860e+00	-1.051820054939972549e+00
1.859638387714552366e+00	-6.792274195286516214e-01
4.442558585241846103e+00	-2.633940123320874349e+00
4.269736718249254714e+00	-1.824130167183100282e+00
3.365886745843354788e+00	-1.598584928431374674e-01
9.576501774329985173e-01	3.908968657030608362e+00
4.117114664847330019e+00	-1.314123013177347810e+00
2.889934386222203777e+00	-3.628663856849687619e+00
3.828657607036480393e+00	-1.477976928684064717e+00
8.021667531297200782e-01	5.389766698260567424e+00
1.151973191405891273e+00	3.239364628828075077e+00
2.228308170231105834e+00	3.887217914895853554e-01
2.638473738949934422e+00	-2.517586509905465508e+00
4.584878118056806784e+00	-2.759997472507515148e+00
4.517692337411368442e+00	-2.985606934639396748e+00
2.659475225546148902e+00	-1.671594594543698964e+00
2.527600893089300804e+00	4.907852061061771742e+00
2.697146015175874822e+00	-9.279509996602717248e-01
1.852674932905025384e+00	4.040613760564049528e+00
3.831751818873904369e+00	-1.903429088987944384e+00
3.844130041369520523e+00	-2.951894762276022099e+00
3.121656880807528456e+00	-1.988621919909941749e+00
2.824001294485844582e+00	4.832223642345248926e+00
5.353460913607357874e+00	-4.608057732621988478e+00
3.624338265376651602e+00	-2.048763846073090367e+00
3.454442132183483061e+00	5.269302091243059927e+00
1.952691932798834573e+00	2.631734596521882352e+00
3.372397745214469555e+00	-2.195961671751835986e+00
4.013487447680050835e+00	1.446531212008905776e-01
2.759227150501488701e+00	-3.166164534276486364e+00
3.916409770411637847e+00	-1.587871965954344544e+00
3.540310927115305706e+00	-6.107091158337647485e-01
2.886530486660986661e+00	-2.359822885717613339e+00
5.224843247611277164e+00	-9.159413820970121467e-01
4.063715755074133185e+00	-2.807701581755042142e-01
5.346370073971819181e+00	-2.226390650364395984e+00
2.882791508926773716e+00	-1.724386924981974323e+00
4.486913793583996224e+00	-1.188514390635223350e+00
3.925573237146028127e+00	-1.604000761469730030e+00
3.424038070432330549e+00	-8.601958095671500271e-01
4.239129619090245882e+00	-2.064675998636873455e+00
1.777935026706747745e+00	6.093478242816381396e+00
1.591429706716478210e+00	4.473908777961832506e+00
3.570234290068554195e+00	-3.507356468428029395e+00
1.972290694038160597e+00	3.456968842446323187e+00
2.475250757372364774e+00	3.124058111165326057e+00
2.123561155113638854e+00	5.449696482466928060e+00
2.394203975126462325e+00	-1.076548664064465255e+00
1.947268767654595889e+00	2.520566050767362398e+00
5.029983000442411978e+00	3.022862879618303467e+00
3.080749422182583519e+00	-2.398075094373386396e+00
3.198921260689955304e+00	3.906646291000019033e+00
2.511535283273537367e+00	-1.584808702718115692e+00
4.033282855309328951e+00	-2.151357250205942595e+00
3.017027442969792972e+00	4.170805224969751812e+00
3.493618798525984559e+00	9.161640226746075033e-01
4.743142322679657852e+00	-1.992444031810069349e+00
3.218602058907863661e+00	-2.619974063446379287e+00
2.618109891067101902e+00	-2.041525140038141117e+00
4.414106524415783994e-01	5.092997678791508775e+00
2.600955821025499048e+00	4.809588240197286702e+00
3.656802581680965059e+00	-2.114119099228656040e+00
4.022330483513209209e+00	-2.015497782233723889e+00
5.005256427627098326e+00	-2.178712511097971483e+00
1.697541459660717234e+00	2.694353955073408802e+00
2.480180780984549305e+00	5.115706987152323748e+00
2.739917761810623631e+00	-3.297880631786298533e-02
4.441489999040387104e+00	-1.876384790874429997e+00
4.037341185346201122e+00	-2.376765998339592123e+00
4.409062372946755737e+00	-1.498053059721010438e+00
4.268999564522655277e+00	-2.163088988130992707e+00
2.109892489151484085e+00	4.942135545842801569e+00
2.544244638188910113e+00	-5.687780635417329922e-01
4.348216162767439386e+00	-4.881507762865058275e-01
3.231939651945032743e+00	-1.538756080258868009e+00
2.546991306812564027e+00	5.312012264022555108e+00
2.074249183498838800e+00	-1.636976577044516379e+00
1.922408894212387809e+00	3.551563993215063331e+00
2.376331091113295990e+00	3.913156381198173328e+00
2.640629006633593789e+00	3.752707899961676419e-01
4.331720485268057530e+00	-2.815180647107276002e+00
2.739054242695798003e+00	5.514293164289298943e-01
3.879812850159806370e+00	-3.018345551728142340e+00
2.028082519208568524e+00	4.053670209155538551e+00
3.577873398454931131e+00	-3.236155710705926225e+00
4.596940150054909857e+00	-1.952962596177039378e+00
2.811450074659016529e+00	-2.143731761286289395e+00
2.014410553900588319e+00	-8.227184204670945356e-01
3.412629680294450907e+00	-1.319512108021350993e+00
2.656210582248234253e+00	-2.451297180892165972e+00
2.710437478404668088e+00	3.080302979117427675e+00
5.386471768375042046e+00	-2.352186287527314512e+00
5.532106866755932550e-01	5.446656329740500624e+00
4.571801666500736161e+00	1.837732819658052241e-01
2.661445701769237004e+00	-1.861880745311872198e+00
2.678715050472524339e+00	-1.701492081215639329e+00
2.663746390119340557e+00	4.783310634799502914e+00
2.027146296378180335e+00	3.555658479644197012e+00
3.490178208954965111e+00	-3.745174412245248163e+00
1.058360344730205460e+00	3.715320866233639663e+00
1.642903006941464072e+00	3.132690767874532156e+00
3.121383295535812508e+00	1.160488767874783278e+00
1.407592571098782663e+00	6.804777067676361924e+00
2.607659968244767867e+00	-2.452813927049228848e-01
2.965222371727798567e+00	-8.369922286697111247e-01
5.594227195928993979e+00	-8.597393392027017356e-01
2.890232989676209119e-01	7.427034670490742840e+00
2.471381200488576013e+00	3.573567414332285086e+00
3.027075417497427701e+00	6.629082117115618011e+00
1.091309169155914471e+00	2.892659663046040830e+00
5.641915197766909529e+00	-2.763431687645405255e+00
2.803470556686630033e+00	-8.294199494805494233e-01
2.192744230207458678e+00	-5.893458652631793360e-01
2.891122336433631368e+00	-1.984409326816618524e+00
2.862352910064717815e+00	4.661367640334819207e+00
1.828580008701185866e+00	4.835199536261406195e+00
1.306616571299628937e+00	5.415496513451177663e+00
3.700702843810977249e+00	-1.346155354784994707e+00
9.712596496086750575e-01	3.194721037658887042e+00
4.093711509099292378e+00	-3.441573411310546504e+00
2.653728007284060109e+00	3.476520956447735067e+00
2.506835803011346009e+00	-2.052665703564771960e+00
3.716765845998834639e+00	-1.866922033314970752e+00
8.745129016759647378e-01	2.386598599120010267e+00
5.561047594579788367e+00	-3.554534081954286329e+00
3.273175966034682638e+00	-1.307832167639075838e+00
3.342664973092325464e+00	2.237270124077183286e+00
4.380171328850243739e+00	-3.103338030997332408e-01
1.335848106508072286e+00	4.023280112325105407e+00
2.306290448028592621e+00	-2.016195996106898702e-01
4.631173228651021212e+00	-1.178537652892974075e+00
2.203701292601931705e+00	4.119481891324408451e+00
1.123482613074242353e+00	3.739329092409144462e+00
4.432996090877962203e+00	-1.570369551843632916e+00
2.574471112268283512e+00	4.632464874133439103e+00
4.632367335945220432e+00	-1.536027671429875729e+00
2.972034090846521259e+00	4.536028793946957904e+00
3.262545824328843658e+00	-9.934941704516075944e-02
1.189513191549971038e+00	4.020721834366120184e+00
3.547012307252973340e+00	-3.108764483248390942e+00
4.591590384796732316e+00	-2.074597352445669785e+00
3.821843812181506372e+00	-9.243817921803911819e-01
4.062037414632258425e+00	-2.289779337248545321e+00
3.703759837468222127e+00	-2.290878352240019566e+00
5.070493793197308641e+00	-3.263355848869529119e+00
1.685702313449128908e+00	-1.250603785201906071e+00
1.919065905078599421e+00	4.746017169974154903e+00
6.042041667310320108e+00	-2.228642840458586072e+00
5.588426230358195745e+00	-1.258307366256149473e+00
3.950993851887365516e+00	-1.313570065138065068e+00
2.750384975075438110e+00	-1.779279613813784744e+00
3.616019413864260734e+00	-2.422510191933318513e+00
1.998523095868467880e+00	4.876577051267584118e+00
3.612445745896911475e+00	-9.532715181384159298e-01
2.954943225886523805e-01	4.276299623079260037e+00
7.551795576804369858e-01	6.025116771291264328e+00
2.520179740450697370e+00	-3.330040749175505077e+00
2.506342245170903205e+00	-4.164895548077232057e+00
4.231887228027572334e+00	-2.893842127805973163e+00
4.230871130408991654e+00	-1.234706600545075528e+00
2.543345649046790946e+00	-2.241606769240235941e+00
3.553096860116237821e+00	-1.868368343264204867e+00
4.385662001200024918e+00	-1.951740694114547869e+00
5.032832119135175475e+00	-2.779280057753040545e+00
4.910616211976870815e+00	7.725904987529608192e-02
7.047132929111642241e+00	-3.877301941445590927e+00
9.388248053294367956e-01	4.198783117615588978e+00
4.305062446740743454e+00	-2.408592780798400224e+00
3.279719753506822766e+00	1.385703121823532058e+00
2.313838400572246101e+00	2.022674161906484525e+00
2.323371093681589006e+00	4.502170450032904725e+00
2.146672409096490153e+00	3.457725962955678689e+00
4.244639296835297060e+00	-3.708027359864110473e+00
2.339597607319277905e+00	5.296535220954610601e+00
8.185183967748537182e-01	4.514217488954598068e+00
1.649177504876972566e+00	3.804567634762170414e+00
3.039317535005192195e+00	3.994997738561969935e+00
7.240589507173347705e+00	-1.348925863495645583e+00
3.167768972947197614e+00	4.788323720857558641e+00
1.049538142183056300e+00	3.460582059472697924e+00
2.969425638360783548e+00	-1.596506851592236931e+00
5.904552349970781933e-01	5.186481141707894871e+00
3.455504263212646698e+00	-1.211587006297353941e+00
3.920233794707686403e+00	-2.928764891050774644e+00
3.825584120479271544e+00	-1.902112149289754139e+00
3.805666062826852603e+00	-2.944022354428281307e+00
4.090994653611570442e+00	-2.435278121593343226e+00
1.325825929377081547e+00	3.798334814307489982e+00
5.020470590628677954e+00	-5.775440211163644921e-01
2.502313734752362961e+00	4.599966966971974713e+00
2.273171702395333948e+00	5.504671379570702072e+00
3.390110722991932057e+00	-2.909795985226623749e+00
2.231748304032722174e+00	-9.581787075898409167e-01
2.582795365605228710e+00	4.080193060475425071e+00
2.404813631476479419e+00	-2.685166343256056631e+00
4.526324944222338331e+00	-1.768793810952115075e+00
1.560979423401873678e+00	3.901353732285464559e+00
1.387231986327271960e+00	4.786394910962614269e+00
4.213149418529479107e+00	-3.767159231775187855e+00
4.302290402559690641e+00	-1.823661317820123529e+00
1.867096825568393292e+00	5.554467170203023940e+00
2.254692861982957819e+00	4.263424582060603818e+00
1.193490352719892122e+00	5.905734110588971575e+00
2.299534551247964131e+00	-2.014138272257959272e+00
3.620720998966667992e+00	-2.248816936372759479e+00
2.339795599236217605e+00	-1.093498369808141746e+00
2.619399615626200273e+00	6.559963581575118496e+00
4.128710220513331919e+00	-4.513176932982446488e+00
2.906876577987342891e+00	5.439665613617261641e+00
3.477272277434967584e+00	-1.755812968476627489e+00
2.275442877329062252e+00	5.292045610579207526e+00
4.751615291997405066e+00	-3.003799013661918593e+00
1.236596511748662586e+00	5.209288054916859423e+00
3.704273585073309505e+00	-7.865084163335942513e-01
2.164715006342707859e+00	4.886231985932795396e+00
-2.080205850459184713e-01	5.140306488616110947e+00
2.246822658316744104e+00	4.886238556741812289e+00
3.775602529577966493e+00	-3.724786581301542387e-01
3.598125356732206903e+00	2.480395483940642798e-01
1.982574073844829199e+00	5.685443865925275730e+00
1.767602071796386731e+00	6.167896906366723719e+00
1.368458045628657693e+00	4.559283681841096225e+00
2.597152116549645839e+00	4.177166489150371476e+00
1.501788023034932085e+00	2.605110890985255168e+00
5.233329250949765310e+00	-1.561314453760794585e+00
3.581203647224416642e+00	-2.045273359023533910e+00
4.166199706400365521e+00	-1.230522917540535666e+00
1.342699955717797433e+00	4.988616422608278533e+00
-5.938075547922967434e-01	2.885516353535586553e+00
4.579822585890845232e+00	-1.947744456396392820e+00
4.134024571534330228e+00	-2.324308709091661207e+00
8.839780620483557172e-01	5.592423822927417909e+00
8.126117709690714452e-01	4.486397644796276118e+00
6.337192507925064611e-01	4.959899828028517810e+00
4.716179487928412684e+00	-3.041286040124240309e+00
1.321344009308471623e+00	3.574648985951191626e+00
2.147679033628515199e+00	3.699096133249089036e+00
4.201152207727281152e+00	-2.272260138683374286e+00
2.345373957310771473e+00	-1.498204081125825482e+00
2.253677216696516439e+00	2.961808129450242966e+00
4.121306951681647845e+00	-1.962990800760459065e-01
3.334726000535313428e+00	7.223956915122009548e-03
2.664787366449480110e+00	3.866605270768762814e+00
3.108663259626828435e+00	-7.646549953230055152e-01
4.166775884652912154e+00	1.914214871399341433e+00
3.914027977577938966e+00	1.883837954164488959e+00
3.373568557401497525e+00	1.571148767596323381e+00
3.633052700434936888e+00	-9.922193607037037566e-01
3.397868817148443021e+00	2.304312080525842354e+00
3.130367826481954552e+00	-1.840156775125507682e-01
5.065890183721877271e+00	-4.013815711464910896e-01
4.110397139915287212e+00	-7.493365078620289887e-01
4.395369661455617916e+00	-3.634276279249993635e+00
1.245175023482441912e+00	4.609943836714649024e+00
4.037465363213525116e+00	-2.900342210738536153e+00
6.191042526564494164e-01	3.760976034943393387e+00
1.094555493383193800e+00	5.225524499658833477e+00
3.279246442190002941e+00	-1.346051705670974208e+00
2.715443189082941799e+00	-1.454762438429094695e+00
2.082271334515040095e+00	7.168544991231009078e+00
1.792638482569506975e+00	-7.495016549140065543e-01
3.535240938448807935e+00	-1.500672316235779569e+00
2.181752961442176453e+00	4.852217478738084289e+00
1.289342716892104335e+00	2.325649705419730040e+00
1.782018057453753634e+00	4.686494313707422421e+00
3.961549771661229347e+00	-3.116429172703779393e+00
3.528003662056585554e+00	1.186757014638614605e+00
5.264700674913521894e+00	-5.539484811468431413e-01
4.834903249202292308e+00	-7.524384930572389774e-01
1.774398371891719117e+00	5.507186290762027703e+00
2.787912592698679859e+00	-2.969734205756838108e+00
2.335570092918753726e+00	4.400343434629526485e+00
3.959900271660255378e+00	3.134239784847102417e+00
2.355346183839076790e+00	4.018137687751078602e+00
4.801457274998386815e+00	-2.558242401964866630e+00
3.745986274987671560e+00	-2.043247597718749198e+00
2.250281181413110509e+00	6.781279579856459350e+00
3.295652827730509049e+00	-8.163187672133946915e-01
2.824268501657763331e+00	-1.699143460518894866e+00
1.479186403761663771e+00	4.823270555441791174e+00
2.947374943733536146e+00	-8.480380182050466509e-01
3.702591485400541504e+00	-2.264272686268927970e+00
2.495696680562297765e+00	4.771018594525997969e+00
4.027540184545673085e+00	-3.983053525526738525e-01
2.775037678458784907e+00	2.474809484865688969e+00
2.332593501316595042e+00	4.053437979864791707e+00
4.682353202469189846e+00	-3.281267754921318058e+00
4.860319637200237963e+00	-4.218624075410637886e+00
4.238471506563853630e+00	4.546596840204506940e+00
2.101485033545007930e+00	-3.494181080491654434e+00
3.020051327342614833e+00	3.734580048708273203e+00
3.383058595564462312e+00	-2.894673024313083154e+00
3.288515809670225387e+00	4.516088098799260209e-01
9.870522839384476832e-01	5.017695866514047864e+00
5.366010799115485064e+00	-2.466445085995055297e+00
3.228253551488285300e+00	-5.203432067824733664e-01
3.640790725925202587e+00	-9.434621494854840140e-01
3.077836208007286523e+00	5.391292268715836222e+00
4.813332654623098783e+00	-1.947616519660909429e+00
8.359875036147554894e-01	4.845770399498740666e+00
3.087976662316369136e+00	-2.010032317560277892e+00
2.879864948437018235e+00	3.293682597718715854e+00
4.446283749700683074e+00	-2.478884322491400560e+00
2.606861122135300857e+00	2.851944776110887148e+00
4.227842624516815029e+00	-1.464746253442975155e+00
4.113545158115224254e+00	2.346352242676617017e+00
3.126429659117177629e+00	-1.260300667332660440e+00
2.740534083373316943e+00	4.275675522479962076e+00
8.527963218536596113e-01	4.035495147471257482e+00
3.386149092653242043e+00	7.325467883924400292e-01
2.857832071788922068e+00	-1.530904200689171990e+00
1.158077115816724234e+00	-2.712498750872618825e+00
4.238005607472216774e+00	-1.372435051485856317e+00
2.080059405537526551e+00	1.371910697831020265e-01
1.720385496506903644e+00	5.686827962402504433e+00
3.668488293911751796e+00	-3.792749344626531016e+00
4.589107222929760255e+00	-1.053826158461217855e+00
6.813159107180375429e+00	9.056688124439167265e-01
1.255194930044599033e+00	4.183283544860719516e+00
2.568693820089204660e+00	-1.607383900578509550e+00
1.916102194773931622e+00	3.313258837899952791e+00
5.724100248148062065e+00	-2.869193785799775132e+00
3.315785995086653060e+00	4.446782880756454226e+00
2.475721537307375986e+00	-9.417070173148430756e-01
3.807698149707511970e+00	-2.956163587389172065e+00
1.847275516385948446e+00	4.231647341960396602e+00
3.141891150005474032e+00	5.275535323113434316e+00
4.031048945486935153e+00	-3.663964144816448609e+00
5.476718020496887718e+00	-1.776718513048396897e+00
3.667049397172739145e-01	3.467115808751262129e+00
3.371114515907878584e+00	-2.099215239791952792e-01
2.719475526268390286e+00	-2.554337988973427453e+00
1.479706784772053751e+00	3.535525717517199240e+00
2.589685044965814864e+00	5.129267043910394896e+00
1.900345247796279002e+00	4.822251355353315283e+00
3.545399710601075949e+00	-4.214985759814513955e+00
2.984042662334900786e+00	-2.261618399729671935e+00
4.190877397040368990e+00	-2.050827023552494133e+00
4.278530303445543304e+00	-1.285620212162155163e+00
3.214396682341267297e+00	-2.161924196488148597e-01
4.930663749716189592e+00	4.660003784293125229e-01
4.168250112228403026e+00	-2.456461343347213333e+00
1.528411171070414909e+00	5.445773330131150836e+00
3.899356918439094599e+00	-1.063492246655552975e+00
4.901961146104034661e+00	2.565264009270017409e-01
1.471373743787946387e+00	5.363369782174304490e+00
5.754758817092213263e+00	-2.220229691452103804e+00
8.805299220456319631e-01	5.550255857192992970e+00
3.521782825055579380e+00	-2.752477370897667530e+00
3.059116142532491089e+00	-2.210363804244438235e+00
3.250560495536295669e+00	2.540771844742534924e+00
1.079787017167047836e+00	2.716240036242997924e+00
3.925363116298819843e+00	-2.192980237613774364e+00
2.681214565440824593e+00	6.326512319587647148e-01
2.193027446407879388e+00	-2.215729941054161323e+00
2.818090154380041401e+00	-3.130061182813941301e+00
3.736921477748339715e+00	-1.976247763861443518e+00
3.001003077800681318e+00	4.420461161696735530e+00
6.110846787327560037e+00	-1.092994801550534190e+00
1.576169026060178391e+00	2.282947518900069195e+00
3.556124545111060797e+00	4.595712710036622184e+00
4.099016585653773248e+00	-1.125159903846273846e+00
3.146948539800149547e+00	4.308841104657842536e+00
3.090826683026773214e+00	-3.154963760759465163e+00
3.150271728857485076e+00	-3.649016335014129808e+00
3.028792532295098816e+00	-1.434953584736416321e+00
2.109957713120957479e+00	5.469918800936595105e+00
2.694587643888771922e+00	-2.174046549100338677e+00
3.982158586052557681e-01	5.454251777096805753e+00
4.034601588023932983e+00	-3.331722260838075655e+00
1.630038542487123987e+00	3.544889815498789343e+00
2.581537872234696884e+00	3.647878893176144111e+00
3.007377530124530907e+00	-1.799858155646485436e+00
3.612734735404472985e+00	-3.373488236210675950e+00
2.140778096185277146e+00	-3.462234952563074675e-01
4.094526394947611614e+00	2.723333132609511154e-01
1.543345315340346913e+00	4.712704836260800612e+00
3.996840600458834825e+00	-4.006833070662406016e+00
4.322561215148408742e+00	-2.328253648699855294e+00
2.960107213508905044e+00	2.169554291156436943e-01
4.013556421008230402e+00	-1.288692470571203952e+00
5.238267526416512609e+00	-1.106157155109978252e+00
4.153677759351736221e+00	-3.333890139479667614e+00
